{"cameraMode":{"drawMode":0,"name":"Shaded","section":"Shading Mode"},"sceneLighting":true,"audioPlay":false,"sceneViewState":{"m_AlwaysRefresh":false,"showFog":true,"showSkybox":false,"showFlares":true,"showImageEffects":true,"showParticleSystems":true,"showVisualEffectGraphs":true,"m_FxEnabled":true},"in2DMode":false,"pivot":{"x":23.149999618530275,"y":1.1106711626052857,"z":16.24464988708496},"rotation":{"x":-0.01626012474298477,"y":0.8366528749465942,"z":-0.024859679862856866,"w":-0.5469526648521423},"size":2.6386876106262209,"orthographic":false}