{"cameraMode":{"drawMode":0,"name":"Shaded","section":"Shading Mode"},"sceneLighting":true,"audioPlay":false,"sceneViewState":{"m_AlwaysRefresh":false,"showFog":true,"showSkybox":false,"showFlares":true,"showImageEffects":true,"showParticleSystems":true,"showVisualEffectGraphs":true,"m_FxEnabled":true},"in2DMode":false,"pivot":{"x":19.912097930908204,"y":0.9513788819313049,"z":18.315671920776368},"rotation":{"x":-0.07975952327251435,"y":0.5347890257835388,"z":-0.050464678555727008,"w":-0.8398531079292297},"size":0.8660253882408142,"orthographic":false}